Date,Time,Label
2017-06-30,2011-2016,cloudy
2017-07-31,1745-1746,clear
2017-07-31,1746-0000,cloudy
2017-08-01,0000-0314,cloudy
2017-08-01,0314-0330,rain
2017-08-01,0330-0422,cloudy
2017-08-01,0422-0450,rain
2017-08-01,0450-540,cloudy
2017-08-01,0540-0930,rain
2017-08-01,0930-1010,cloudy
2017-08-01,1010-1830,rain
2017-08-01,1830-0000,cloudy
2017-08-02,0000-0040,cloudy
2017-08-02,0042-0046,clear
2017-08-02,0046-0104,cloudy
2017-08-02,0104-0110,clear
2017-08-02,0110-0112,cloudy
2017-08-02,0112-0113,clear
2017-08-02,0113-0118,cloudy
2017-08-02,0118-0123,clear
2017-08-02,0123-0126,cloudy
2017-08-02,0126-0135,clear
2017-08-02,0135-0141,cloudy
2017-08-02,0141-0255,clear
2017-08-02,0255-0330,cloudy
2017-08-02,0330-0335,clear
2017-08-02,0335-0339,cloudy
2017-08-02,0339-0340,clear
2017-08-02,0340-0343,cloudy
2017-08-02,0343-1046,clear
2017-08-02,1050-1400,cloudy
2017-08-02,1400-1404,clear
2017-08-02,1404-1405,cloudy
2017-08-02,1405-1525,clear
2017-08-02,1525-1552,cloudy
2017-08-02,1552-1556,clear
2017-08-02,1556-1601,cloudy
2017-08-02,1601-1603,clear
2017-08-02,1603-1606,cloudy
2017-08-02,1606-1616,clear
2017-08-02,1616-1620,cloudy
2017-08-02,1620-1629,clear
2017-08-02,1629-1635,cloudy
2017-08-02,1635-1644,clear
2017-08-02,1644-1645,cloudy
2017-08-02,1645-1646,clear
2017-08-02,1646-1706,cloudy
2017-08-02,1706-1721,clear
2017-08-02,1721-1723,cloudy
2017-08-02,1723-1728,clear
2017-08-02,1728-1755,cloudy
2017-08-02,1755-1852,clear
2017-08-02,1852-1853,cloudy
2017-08-02,1852-1855,clear
2017-08-02,1855-1857,cloudy
2017-08-02,1857-1900,clear
2017-08-02,1900-1908,cloudy
2017-08-02,1908-1910,clear
2017-08-02,1910-1911,cloudy
2017-08-02,1911-1912,clear
2017-08-02,1912-1913,cloudy
2017-08-02,1914-1931,clear
2017-08-02,1931-1940,cloudy
2017-08-02,1940-1944,clear
2017-08-02,1944-1952,cloudy
2017-08-02,1952-1955,clear
2017-08-02,1955-2000,cloudy
2017-08-02,2000-2013,clear
2017-08-02,2013-2014,cloudy
2017-08-02,2014-2016,clear
2017-08-02,2016-2029,cloudy
2017-08-02,2029-2032,clear
2017-08-02,2033-2033,cloudy
2017-08-02,2033-2036,clear
2017-08-02,2036-2048,cloudy
2017-08-02,2048-2052,clear
2017-08-02,2052-2053,cloudy
2017-08-02,2053-2054,clear
2017-08-02,2054-2055,cloudy
2017-08-02,2055-2228,clear
2017-08-02,2228-2229,cloudy
2017-08-02,2229-2251,clear
2017-08-02,2251-2254,cloudy
2017-08-02,2254-2258,clear
2017-08-02,2258-2259,cloudy
2017-08-02,2259-2301,clear
2017-08-02,2301-2302,cloudy
2017-08-02,2302-0000,clear
2017-08-03,0000-1648,clear
2017-08-03,1648-1650,cloudy
2017-08-03,1650-1750,clear
2017-08-03,1750-1804,cloudy
2017-08-03,1804-1809,clear
2017-08-03,1809-1810,cloudy
2017-08-03,1810-1812,clear
2017-08-03,1812-1818,cloudy
2017-08-03,1818-1820,clear
2017-08-03,1820-1845,cloudy
2017-08-03,1845-1902,cloudy
2017-08-03,1902-1906,cloudy
2017-08-03,1906-1914,clear
2017-08-03,1914-1918,cloudy
2017-08-03,1918-1921,clear
2017-08-03,1921-1924,cloudy
2017-08-03,1924-1927,clear
2017-08-03,1927-1928,cloudy
2017-08-03,1928-1944,clear
2017-08-03,1944-1955,cloudy
2017-08-03,1955-2100,clear
2017-08-03,2100-2130,cloudy
2017-08-03,2130-2140,rain
2017-08-03,2140-2233,cloudy
2017-08-03,2233-2238,clear
2017-08-03,2238-2255,cloudy
2017-08-03,2255-2305,clear
2017-08-03,2305-0000,cloudy
2017-08-04,0000-0040,cloudy
2017-08-04,0040-0050,rain
2017-08-04,0050-0120,cloudy
2017-08-04,0120-0224,clear
2017-08-04,0224-0232,cloudy
2017-08-04,0232-0233,clear
2017-08-04,0233-0235,cloudy
2017-08-04,0234-0237,clear
2017-08-04,0237-0248,cloudy
2017-08-04,0248-0252,clear
2017-08-04,0252-0255,cloudy
2017-08-04,0255-0308,clear
2017-08-04,0308-0532,cloudy
2017-08-04,0532-0544,clear
2017-08-04,0544-1125,cloudy
2017-08-04,1125-1132,clear
2017-08-04,1132-1135,cloudy
2017-08-04,1135-1145,clear
2017-08-04,1145-1530,cloudy
2017-08-04,1530-1540,clear
2017-08-04,1540-1600,cloudy
2017-08-04,1600-1602,clear
2017-08-04,1602-1603,cloudy
2017-08-04,1603-1619,clear
2017-08-04,1619-1623,cloudy
2017-08-04,1623-1630,clear
2017-08-04,1630-1637,cloudy
2017-08-04,1637-0000,clear
2017-08-05,0000-0511,clear
2017-08-05,0511-0513,cloudy
2017-08-05,0513-0517,clear
2017-08-05,0517-0522,cloudy
2017-08-05,0522-0554,clear
2017-08-05,0554-0555,cloudy
2017-08-05,0555-0559,clear
2017-08-05,0559-0600,cloudy
2017-08-05,0600-0710,clear
2017-08-05,0710-0751,cloudy
2017-08-05,0751-0755,clear
2017-08-05,0755-0851,cloudy
2017-08-05,0851-0954,clear
2017-08-05,0954-0955,cloudy
2017-08-05,0955-1204,clear
2017-08-05,1204-1205,cloudy
2017-08-05,1205-1732,clear
2017-08-05,1732-1739,cloudy
2017-08-05,1739-1743,clear
2017-08-05,1743-1746,cloudy
2017-08-05,1746-1839,clear
2017-08-05,1839-1845,cloudy
2017-08-05,1845-1857,clear
2017-08-05,1857-1858,cloudy
2017-08-05,1858-1920,clear
2017-08-05,1920-1921,cloudy
2017-08-05,1921-1940,clear
2017-08-05,1940-1941,cloudy
2017-08-05,1941-1947,clear
2017-08-05,1947-1950,cloudy
2017-08-05,1950-1954,clear
2017-08-05,1954-1955,cloudy
2017-08-05,1955-1957,clear
2017-08-05,1957-2000,cloudy
2017-08-05,2000-2016,clear
2017-08-05,2016-2019,cloudy
2017-08-05,2019-2021,clear
2017-08-05,2021-2022,cloudy
2017-08-05,2022-2026,clear
2017-08-05,2026-2029,cloudy
2017-08-05,2029-2030,clear
2017-08-05,2030-2032,cloudy
2017-08-05,2032-2034,clear
2017-08-05,2034-2036,cloudy
2017-08-05,2036-2037,clear
2017-08-05,2037-2040,cloudy
2017-08-05,2040-2045,clear
2017-08-05,2045-2058,cloudy
2017-08-05,2058-2100,clear
2017-08-05,2100-2101,cloudy
2017-08-05,2101-2109,clear
2017-08-05,2109-2111,cloudy
2017-08-05,2111-2115,clear
2017-08-05,2115-2117,cloudy
2017-08-05,2117-2122,clear
2017-08-05,2122-2124,cloudy
2017-08-05,2124-2125,clear
2017-08-05,2125-2130,cloudy
2017-08-05,2130-2135,clear
2017-08-05,2135-2136,cloudy
2017-08-05,2136-2138,clear
2017-08-05,2138-2144,cloudy
2017-08-05,2144-2153,clear
2017-08-05,2153-2155,cloudy
2017-08-05,2155-2156,clear
2017-08-05,2156-2200,cloudy
2017-08-05,2200-2204,clear
2017-08-05,2204-2205,cloudy
2017-08-05,2205-2229,clear
2017-08-05,2229-2230,cloudy
2017-08-05,2230-2235,clear
2017-08-05,2235-2237,cloudy
2017-08-05,2237-2345,clear
2017-08-05,2345-0000,cloudy
2017-08-06,0000-0045,cloudy
2017-08-06,0045-0054,clear
2017-08-06,0054-0056,cloudy
2017-08-06,0056-0120,clear
2017-08-06,0120-0125,cloudy
2017-08-06,0125-0141,clear
2017-08-06,0141-0338,cloudy
2017-08-06,0338-0450,rain
2017-08-06,0450-0540,cloudy
2017-08-06,0540-0600,clear
2017-08-06,0600-0635,cloudy
2017-08-06,0635-0641,clear
2017-08-06,0641-0652,cloudy
2017-08-06,0652-0658,clear
2017-08-06,0658-0829,cloudy
2017-08-06,0829-0845,rain
2017-08-06,0845-0908,cloudy
2017-08-06,0908-0911,rain
2017-08-06,0911-0916,cloudy
2017-08-06,0916-0921,rain
2017-08-06,0921-1448,cloudy
2017-08-06,1448-1451,clear
2017-08-06,1451-1740,cloudy
2017-08-06,1740-1742,clear
2017-08-06,1742-1749,cloudy
2017-08-06,1749-1751,clear
2017-08-06,1751-1759,cloudy
2017-08-06,1759-1803,clear
2017-08-06,1803-1812,cloudy
2017-08-06,1812-1814,clear
2017-08-06,1814-1822,cloudy
2017-08-06,1822-1824,clear
2017-08-06,1824-1908,cloudy
2017-08-06,1908-1910,clear
2017-08-06,1910-2315,cloudy
2017-08-06,2315-2322,clear
2017-08-06,2322-2330,cloudy
2017-08-06,2330-2345,clear
2017-08-06,2345-2347,cloudy
2017-08-06,2347-2348,clear
2017-08-06,2348-2358,cloudy
2017-08-06,2358-2359,clear
2017-08-06,2359-0000,cloudy
2017-08-07,0000-0037,clear
2017-08-07,0037-0042,cloudy
2017-08-07,0042-0044,clear
2017-08-07,0044-0112,cloudy
2017-08-07,0112-0121,clear
2017-08-07,0121-0126,cloudy
2017-08-07,0126-0138,clear
2017-08-07,0138-0140,cloudy
2017-08-07,0140-0500,clear
2017-08-07,1335-1346,clear
2017-08-07,1346-1348,cloudy
2017-08-07,1348-1350,clear
2017-08-07,1350-1400,cloudy
2017-08-07,1400-1420,clear
2017-08-07,1420-1424,cloudy
2017-08-07,1424-1425,clear
2017-08-07,1425-1446,cloudy
2017-08-07,1446-1450,clear
2017-08-07,1450-1458,cloudy
2017-08-07,1458-1502,clear
2017-08-07,1502-1518,cloudy
2017-08-07,1518-1520,clear
2017-08-07,1520-1550,cloudy
2017-08-07,1550-1553,clear
2017-08-07,1553-1554,cloudy
2017-08-07,1554-1555,clear
2017-08-07,1555-1842,cloudy
2017-08-07,1842-1847,clear
2017-08-07,1847-1852,cloudy
2017-08-07,1852-1854,clear
2017-08-07,1854-1855,cloudy
2017-08-07,1855-1857,clear
2017-08-07,1857-0000,cloudy
2017-08-08,0000-0330,cloudy
2017-08-08,0330-0515,clear
2017-08-08,0515-0532,cloudy
2017-08-08,0532-0540,clear
2017-08-08,0540-0610,cloudy
2017-08-08,0610-0614,clear
2017-08-08,0614-0708,cloudy
2017-08-08,0708-1542,clear
2017-08-08,1542-1548,cloudy
2017-08-08,1548-1555,clear
2017-08-08,1555-1556,cloudy
2017-08-08,1556-1605,clear
2017-08-08,1605-1606,cloudy
2017-08-08,1606-1611,clear
2017-08-08,1611-1612,cloudy
2017-08-08,1612-1629,clear
2017-08-08,1629-1630,cloudy
2017-08-08,1630-1636,clear
2017-08-08,1636-1637,cloudy
2017-08-08,1637-1644,clear
2017-08-08,1644-1645,cloudy
2017-08-08,1645-1919,clear
2017-08-08,1919-1921,cloudy
2017-08-08,1921-2028,clear
2017-08-08,2028-2047,cloudy
2017-08-08,2047-2116,clear
2017-08-08,2116-2117,cloudy
2017-08-08,2117-2121,clear
2017-08-08,2121-2122,cloudy
2017-08-08,2122-2133,clear
2017-08-08,2133-2134,cloudy
2017-08-08,2132-2135,clear
2017-08-08,2135-2137,cloudy
2017-08-08,2137-2146,clear
2017-08-08,2146-2201,cloudy
2017-08-08,2201-2215,clear
2017-08-08,2215-2224,cloudy
2017-08-08,2224-2249,clear
2017-08-08,2249-2251,cloudy
2017-08-08,2251-2255,clear
2017-08-08,2255-2259,cloudy
2017-08-08,2259-2318,clear
2017-08-08,2318-2322,cloudy
2017-08-08,2322-0000,clear
2017-08-09,0000-0632,clear
2017-08-09,0632-0649,cloudy
2017-08-09,0649-0830,clear
2017-08-09,0830-0858,cloudy
2017-08-09,0858-0945,clear
2017-08-09,0945-0950,cloudy
2017-08-09,0950-0952,clear
2017-08-09,0952-0954,cloudy
2017-08-09,0954-1000,clear
2017-08-09,1000-1002,cloudy
2017-08-09,1002-1006,clear
2017-08-09,1006-1036,cloudy
2017-08-09,1036-1038,clear
2017-08-09,1038-1041,cloudy
2017-08-09,1039-1048,clear
2017-08-09,1048-1112,cloudy
2017-08-09,1112-1114,clear
2017-08-09,1114-1123,cloudy
2017-08-09,1123-1145,clear
2017-08-09,1145-1426,cloudy
2017-08-09,1426-1428,clear
2017-08-09,1428-1432,cloudy
2017-08-09,1432-1434,clear
2017-08-09,1434-1443,cloudy
2017-08-09,1443-1445,clear
2017-08-09,1445-1446,cloudy
2017-08-09,1446-1449,clear
2017-08-09,1449-1450,cloudy
2017-08-09,1450-1452,clear
2017-08-09,1452-1453,cloudy
2017-08-09,1453-1455,clear
2017-08-09,1455-1622,cloudy
2017-08-09,1622-1630,rain
2017-08-09,1630-1720,cloudy
2017-08-09,1720-1732,rain
2017-08-09,1732-1807,cloudy
2017-08-09,1807-1809,rain
2017-08-09,1809-1916,cloudy
2017-08-09,1916-1933,rain
2017-08-09,1933-1943,cloudy
2017-08-09,1942-1956,clear
2017-08-09,1956-2004,cloudy
2017-08-09,2004-2007,clear
2017-08-09,2007-2008,cloudy
2017-08-09,2008-2016,clear
2017-08-09,2016-2022,cloudy
2017-08-09,2022-2046,clear
2017-08-09,2046-2049,cloudy
2017-08-09,2049-2052,clear
2017-08-09,2052-2112,cloudy
2017-08-09,2112-2115,clear
2017-08-09,2115-2116,cloudy
2017-08-09,2116-2118,clear
2017-08-09,2118-2138,cloudy
2017-08-09,2138-2142,clear
2017-08-09,2142-2144,cloudy
2017-08-09,2144-2145,clear
2017-08-09,2145-2148,cloudy
2017-08-09,2148-2207,clear
2017-08-09,2207-2221,cloudy
2017-08-09,2221-2226,clear
2017-08-09,2226-2227,cloudy
2017-08-09,2227-2231,clear
2017-08-09,2231-2314,cloudy
2017-08-09,2314-2324,clear
2017-08-09,2324-2328,cloudy
2017-08-09,2328-2330,clear
2017-08-09,2330-2332,cloudy
2017-08-09,2332-0000,clear
2017-08-10,0000-0017,clear
2017-08-10,0017-0044,cloudy
2017-08-10,0044-0047,clear
2017-08-10,0047-0048,cloudy
2017-08-10,0048-0049,clear
2017-08-10,0049-0125,cloudy
2017-08-10,0125-0340,rain
2017-08-10,0340-0350,cloudy
2017-08-10,0350-0420,rain
2017-08-10,0420-0457,cloudy
2017-08-10,0457-0500,clear
2017-08-10,0500-0501,cloudy
2017-08-10,0501-0504,clear
2017-08-10,0504-0524,cloudy
2017-08-10,0524-1016,clear
2017-08-10,1016-1039,cloudy
2017-08-10,1039-1044,clear
2017-08-10,1044-1051,cloudy
2017-08-10,1051-1054,clear
2017-08-10,1053-1057,cloudy
2017-08-10,1057-1105,clear
2017-08-10,1105-1116,cloudy
2017-08-10,1116-1131,clear
2017-08-10,1131-1135,cloudy
2017-08-10,1135-1136,clear
2017-08-10,1136-1204,cloudy
2017-08-10,1204-1211,clear
2017-08-10,1211-1222,cloudy
2017-08-10,1222-1237,clear
2017-08-10,1237-1239,cloudy
2017-08-10,1239-1403,clear
2017-08-10,1403-1410,cloudy
2017-08-10,1410-1413,clear
2017-08-10,1413-1416,cloudy
2017-08-10,1416-1417,clear
2017-08-10,1417-1421,cloudy
2017-08-10,1421-1457,clear
2017-08-10,1457-1500,cloudy
2017-08-10,1500-1502,clear
2017-08-10,1502-1526,cloudy
2017-08-10,1526-1528,clear
2017-08-10,1528-1533,cloudy
2017-08-10,1533-1700,clear
2017-08-10,1701-1703,cloudy
2017-08-10,1703-1712,clear
2017-08-10,1712-1713,cloudy
2017-08-10,1713-1716,clear
2017-08-10,1716-1717,cloudy
2017-08-10,1717-1722,clear
2017-08-10,1722-1725,cloudy
2017-08-10,1725-1728,clear
2017-08-10,1728-1747,cloudy
2017-08-10,1747-1749,clear
2017-08-10,1748-1759,cloudy
2017-08-10,1759-1801,clear
2017-08-10,1801-1809,cloudy
2017-08-10,1809-1810,clear
2017-08-10,1810-1820,cloudy
2017-08-10,1820-1821,clear
2017-08-10,1821-1823,cloudy
2017-08-10,1823-1825,clear
2017-08-10,1825-1830,cloudy
2017-08-10,1830-1839,clear
2017-08-10,1839-1845,cloudy
2017-08-10,1845-1848,clear
2017-08-10,1848-1849,cloudy
2017-08-10,1849-1851,clear
2017-08-10,1851-1854,cloudy
2017-08-10,1854-1856,clear
2017-08-10,1856-1909,cloudy
2017-08-10,1909-1910,clear
2017-08-10,1910-1934,cloudy
2017-08-10,1934-1935,clear
2017-08-10,1935-2049,cloudy
2017-08-10,2049-2100,clear
2017-08-10,2100-2118,cloudy
2017-08-10,2118-2119,clear
2017-08-10,2119-2120,cloudy
2017-08-10,2120-2128,clear
2017-08-10,2128-2152,cloudy
2017-08-10,2152-2159,clear
2017-08-10,2159-2200,cloudy
2017-08-10,2200-2202,clear
2017-08-10,2202-2208,cloudy
2017-08-10,2208-2210,rain
2017-08-10,2210-2238,clear
2017-08-10,2238-2247,cloudy
2017-08-10,2247-2333,clear
2017-08-10,2333-2343,cloudy
2017-08-10,2343-2348,clear
2017-08-10,2348-2349,cloudy
2017-08-10,2349-2351,clear
2017-08-10,2351-0009,clear
2017-08-11,0009-0010,cloudy
2017-08-11,0010-0030,clear
2017-08-11,0030-0048,cloudy
2017-08-11,0048-0110,clear
2017-08-11,0110-0329,cloudy
2017-08-11,0329-0333,clear
2017-08-11,0333-0341,cloudy
2017-08-11,0341-0447,clear
2017-08-11,0447-0450,cloudy
2017-08-11,0450-0458,clear
2017-08-11,0458-0459,cloudy
2017-08-11,0459-0500,clear
2017-08-11,0500-0518,cloudy
2017-08-11,0518-0520,clear
2017-08-11,0520-0522,cloudy
2017-08-11,0522-0553,clear
2017-08-11,0553-0555,cloudy
2017-08-11,0555-0557,clear
2017-08-11,0557-0619,cloudy
2017-08-11,0619-0933,rain
2017-08-11,0933-1039,clear
2017-08-11,1039-1050,cloudy
2017-08-11,1050-1055,clear
2017-08-11,1055-1211,cloudy
2017-08-11,1211-1223,clear
2017-08-11,1223-1246,clear
2017-08-11,1246-1248,cloudy
2017-08-11,1248-1249,clear
2017-08-11,1249-1251,cloudy
2017-08-11,1251-1253,clear
2017-08-11,1253-1254,cloudy
2017-08-11,1245-1348,clear
2017-08-11,1348-1403,cloudy
2017-08-11,1403-1406,clear
2017-08-11,1406-1414,cloudy
2017-08-11,1414-1436,clear
2017-08-11,1436-1932,cloudy
2017-08-11,1932-1938,clear
2017-08-11,1938-1941,cloudy
2017-08-11,1941-1947,clear
2017-08-11,1947-1950,cloudy
2017-08-11,1950-1952,clear
2017-08-11,1952-1956,cloudy
2017-08-11,1956-1959,clear
2017-08-11,1959-2006,clear
2017-08-11,2006-2009,cloudy
2017-08-11,2009-2010,clear
2017-08-11,2010-2038,cloudy
2017-08-11,2038-2040,clear
2017-08-11,2040-2045,cloudy
2017-08-11,2045-2048,clear
2017-08-11,2048-2055,cloudy
2017-08-11,2055-2102,clear
2017-08-11,2102-2116,cloudy
2017-08-11,2116-2118,clear
2017-08-11,2118-2120,cloudy
2017-08-11,2120-2129,clear
2017-08-11,2129-2130,cloudy
2017-08-11,2130-2132,clear
2017-08-11,2132-2146,cloudy
2017-08-11,2146-2148,clear
2017-08-11,2148-2153,cloudy
2017-08-11,2153-2200,clear
2017-08-11,2200-2210,cloudy
2017-08-11,2210-2211,clear
2017-08-11,2211-2213,cloudy
2017-08-11,2213-2214,clear
2017-08-11,2214-2221,cloudy
2017-08-11,2221-2226,clear
2017-08-11,2226-2240,cloudy
2017-08-11,2240-2243,clear
2017-08-11,2243-2244,cloudy
2017-08-11,2244-2250,clear
2017-08-11,2250-2259,cloudy
2017-08-11,2259-0000,clear
2017-08-12,0000-0228,clear
2017-08-12,0228-0338,cloudy
2017-08-12,0338-0342,clear
2017-08-12,0342-0348,cloudy
2017-08-12,0348-0458,clear
2017-08-12,0458-0501,cloudy
2017-08-12,0501-0510,clear
2017-08-12,0510-0512,cloudy
2017-08-12,0512-0545,clear
2017-08-12,0545-0547,cloudy
2017-08-12,0547-0552,clear
2017-08-12,0552-0553,cloudy
2017-08-12,0553-0556,clear
2017-08-12,0556-0652,cloudy
2017-08-12,0652-0653,clear
2017-08-12,0653-0732,cloudy
2017-08-12,0732-0736,clear
2017-08-12,0736-0850,cloudy
2017-08-12,0850-0852,clear
2017-08-12,0852-0853,cloudy
2017-08-12,0853-0927,clear
2017-08-12,0927-0928,cloudy
2017-08-12,0928-1014,clear
2017-08-12,1014-1320,cloudy
2017-08-12,1320-1323,clear
2017-08-12,1323-1523,cloudy
2017-08-12,1523-2108,rain
2017-08-12,2108-2123,cloud
2017-08-12,2123-2202,rain
2017-08-12,2202-0000,cloudy
2017-08-12,0000-0130,cloudy
2017-08-12,0130-0321,clear
2017-08-12,0321-1017,cloudy
2017-08-12,1017-1152,clear
2017-08-12,1152-1222,cloudy
2017-08-12,1222-1255,clear
2017-08-12,1255-1313,cloudy
2017-08-12,1313-1314,clear
2017-08-12,1314-1320,cloudy
2017-08-12,1320-1358,clear
2017-08-12,1358-1400,cloudy
2017-08-12,1400-1428,clear
2017-08-12,1428-1440,cloudy
2017-08-12,1440-1442,clear
2017-08-12,1442-1447,cloudy
2017-08-12,1447-1448,clear
2017-08-12,1448-1450,cloudy
2017-08-12,1450-1451,clear
2017-08-12,1451-1548,cloudy
2017-08-12,1548-1551,clear
2017-08-12,1551-1558,cloudy
2017-08-12,1558-1600,clear
2017-08-12,1600-1820,cloudy
2017-08-12,1820-1821,clear
2017-08-12,1821-1829,cloudy
2017-08-12,1829-1830,clear
2017-08-12,1830-1836,cloudy
2017-08-12,1836-1839,clear
2017-08-12,1839-1840,cloudy
2017-08-12,1840-1842,clear
2017-08-12,1842-1850,cloudy
2017-08-12,1850-1853,clear
2017-08-12,1853-1900,cloudy
2017-08-12,1900-1904,clear
2017-08-12,1904-2003,cloudy
2017-08-12,2003-2023,clear
2017-08-12,2023-2033,cloudy
2017-08-12,2033-2036,clear
2017-08-12,2036-2041,cloudy
2017-08-12,2041-2139,clear
2017-08-12,2139-2150,cloudy
2017-08-12,2150-2155,clear
2017-08-12,2155-2221,cloudy
2017-08-12,2221-2223,clear
2017-08-12,2223-2241,cloudy
2017-08-12,2241-2247,clear
2017-08-12,2247-2255,cloudy
2017-08-12,2255-2259,clear
2017-08-12,2259-2311,cloudy
2017-08-12,2311-2329,clear
2017-08-12,2329-2332,cloudy
2017-08-12,2332-0000,clear
2017-08-13,0000-0056,clear
2017-08-13,0056-0057,cloudy
2017-08-13,0057-0110,clear
2017-08-13,0110-0130,cloudy
2017-08-13,0130-0440,clear
2017-08-13,0440-0443,cloudy
2017-08-13,0443-0450,clear
2017-08-13,0450-0457,cloudy
2017-08-13,0457-0501,clear
2017-08-13,0501-0505,cloudy
2017-08-13,0505-0509,clear
2017-08-13,0509-0510,cloudy
2017-08-13,0510-0514,clear
2017-08-13,0514-0520,cloudy
2017-08-13,0520-0527,clear
2017-08-13,0527-0547,cloudy
2017-08-13,0547-0549,clear
2017-08-13,0549-0552,cloudy
2017-08-13,0552-0923,clear
2017-08-13,0923-0933,cloudy
2017-08-13,0933-1052,clear
2017-08-13,1052-1122,cloudy
2017-08-13,1122-1139,clear
2017-08-13,1139-1148,cloudy
2017-08-13,1148-1149,clear
2017-08-13,1149-1150,cloudy
2017-08-13,1150-1223,clear
2017-08-13,1223-1225,cloudy
2017-08-13,1225-1227,cloudy
2017-08-13,1227-1229,clear
2017-08-13,1229-1230,cloudy
2017-08-13,1230-1241,clear
2017-08-13,1241-1243,cloudy
2017-08-13,1243-1322,clear
2017-08-13,1322-1324,cloudy
2017-08-13,1324-1401,clear
2017-08-13,1401-1403,cloudy
2017-08-13,1403-1420,clear
2017-08-13,1420-1423,cloudy
2017-08-13,1423-1424,clear
2017-08-13,1424-1447,cloudy
2017-08-13,1447-1448,clear
2017-08-13,1448-1548,cloudy
2017-08-13,1548-1551,clear
2017-08-13,1551-1557,cloudy
2017-08-13,1557-1559,clear
2017-08-13,1559-1809,cloudy
2017-08-13,1809-1810,clear
2017-08-13,1810-1836,cloudy
2017-08-13,1836-1838,clear
2017-08-13,1838-1839,cloudy
2017-08-13,1839-1842,clear
2017-08-13,1842-1850,cloudy
2017-08-13,1850-1853,clear
2017-08-13,1853-1900,cloudy
2017-08-13,1900-1904,clear
2017-08-13,1904-1915,cloudy
2017-08-13,1915-1916,clear
2017-08-13,1916-2004,cloudy
2017-08-13,2004-2022,clear
2017-08-13,2022-2034,cloudy
2017-08-13,2034-2038,clear
2017-08-13,2038-2042,cloudy
2017-08-13,2042-2139,clear
2017-08-13,2139-2149,cloudy
2017-08-13,2149-2154,clear
2017-08-13,2154-2241,cloudy
2017-08-13,2241-2247,clear
2017-08-13,2247-2254,cloudy
2017-08-13,2254-2259,clear
2017-08-13,2259-2311,cloudy
2017-08-13,2311-2329,clear
2017-08-13,2329-2331,cloudy
2017-08-13,2331-0000,clear
2017-08-14,0000-0056,clear
2017-08-14,0056-0057,cloudy
2017-08-14,0057-0110,clear
2017-08-14,0110-0130,cloudy
2017-08-14,0130-0440,clear
2017-08-14,0440-0443,cloudy
2017-08-14,0443-0450,clear
2017-08-14,0450-0458,cloudy
2017-08-14,0458-0500,clear
2017-08-14,0500-0505,cloudy
2017-08-14,0505-0509,clear
2017-08-14,0509-0510,cloudy
2017-08-14,0510-0514,clear
2017-08-14,0514-0520,cloudy
2017-08-14,0520-0527,clear
2017-08-14,0527-0546,cloudy
2017-08-14,0546-0547,clear
2017-08-14,0547-0553,cloudy
2017-08-14,0553-0652,clear
2017-08-14,0652-0653,cloudy
2017-08-14,0653-0925,clear
2017-08-14,0925-0932,cloudy
2017-08-14,0932-1009,clear
2017-08-14,1009-1010,cloudy
2017-08-14,1010-1012,clear
2017-08-14,1012-1013,cloudy
2017-08-14,1013-1050,clear
2017-08-14,1050-1122,cloudy
2017-08-14,1122-1138,clear
2017-08-14,1138-1147,cloudy
2017-08-14,1147-1150,clear
2017-08-14,1150-1152,cloudy
2017-08-14,1152-1223,clear
2017-08-14,1334-1225,cloudy
2017-08-14,1225-1228,clear
2017-08-14,1228-1230,cloudy
2017-08-14,1230-1242,clear
2017-08-14,1242-1245,cloudy
2017-08-14,1245-1252,clear
2017-08-14,1252-1253,cloudy
2017-08-14,1253-1323,clear
2017-08-14,1323-1325,cloudy
2017-08-14,1325-1401,clear
2017-08-14,1401-1419,clear
2017-08-14,1419-1424,cloudy
2017-08-14,1424-1425,clear
2017-08-14,1425-1447,cloudy
2017-08-14,1447-1448,clear
2017-08-14,1448-1519,cloudy
2017-08-14,1519-1540,clear
2017-08-14,1540-1655,cloudy
2017-08-14,1655-1746,clear
2017-08-14,1746-1747,cloudy
2017-08-14,1747-1748,clear
2017-08-14,1748-1759,cloudy
2017-08-14,1750-1752,clear
2017-08-14,1752-1754,cloudy
2017-08-14,1754-1803,clear
2017-08-14,1803-1805,cloudy
2017-08-14,1805-1806,clear
2017-08-14,1806-1809,cloudy
2017-08-14,1809-1812,clear
2017-08-14,1812-1814,cloudy
2017-08-14,1814-1822,clear
2017-08-14,1822-1824,cloudy
2017-08-14,1824-1826,clear
2017-08-14,1826-1845,cloudy
2017-08-14,1845-1848,clear
2017-08-14,1848-1849,cloudy
2017-08-14,1849-1910,clear
2017-08-14,1910-1913,cloudy
2017-08-14,1913-1916,clear
2017-08-14,1916-1922,cloudy
2017-08-14,1922-1931,clear
2017-08-14,1931-1932,cloudy
2017-08-14,1932-2019,clear
2017-08-14,2019-2020,cloudy
2017-08-14,2020-2023,clear
2017-08-14,2023-2029,cloudy
2017-08-14,2029-2031,clear
2017-08-14,2031-2033,cloudy
2017-08-14,2033-2042,clear
2017-08-14,2042-2046,cloudy
2017-08-14,2046-2049,clear
2017-08-14,2049-2051,cloudy
2017-08-14,2051-2055,clear
2017-08-14,2055-2056,cloudy
2017-08-14,2056-2101,clear
2017-08-14,2101-2119,cloudy
2017-08-14,2119-2128,clear
2017-08-14,2128-2132,cloudy
2017-08-14,2132-2140,clear
2017-08-14,2130-2150,cloudy
2017-08-14,2150-2231,clear
2017-08-14,2231-2233,cloudy
2017-08-14,2233-0000,clear
2017-08-15,0000-1330,clear
2017-08-15,1330-1331,cloudy
2017-08-15,1331-1333,clear
2017-08-15,1333-1335,cloudy
2017-08-15,1335-1435,clear
2017-08-15,1435-1436,cloudy
2017-08-15,1436-1438,clear
2017-08-15,1438-1439,cloudy
2017-08-15,1439-1443,clear
2017-08-15,1443-1445,cloudy
2017-08-15,1445-1453,clear
2017-08-15,1453-1454,cloudy
2017-08-15,1454-1455,clear
2017-08-15,1455-1502,cloudy
2017-08-15,1502-1504,clear
2017-08-15,1504-1516,cloudy
2017-08-15,1516-1528,clear
2017-08-15,1528-1538,cloudy
2017-08-15,1538-1546,clear
2017-08-15,1546-1855,cloudy
2017-08-15,1855-1857,rain
2017-08-15,1857-1918,cloudy
2017-08-15,1918-1920,rain
2017-08-15,1920-2025,cloudy
2017-08-15,2025-2034,clear
2017-08-15,2034-2036,cloudy
2017-08-15,2036-2042,clear
2017-08-15,2042-2045,cloudy
2017-08-15,2045-2047,clear
2017-08-15,2047-2052,cloudy
2017-08-15,2052-2054,clear
2017-08-15,2054-2103,cloudy
2017-08-15,2103-2104,clear
2017-08-15,2104-2304,cloudy
2017-08-15,2304-2315,clear
2017-08-15,2315-2345,cloudy
2017-08-15,2345-2348,clear
2017-08-15,2348-2354,cloudy
2017-08-15,2354-0000,clear
2017-08-15,0000-0002,cloudy
2017-08-16,0002-0010,clear
2017-08-16,0010-0046,cloudy
2017-08-16,0046-0052,clear
2017-08-16,0052-0055,cloudy
2017-08-16,0055-0100,clear
2017-08-16,0100-0144,cloudy
2017-08-16,0144-0149,clear
2017-08-16,0149-0213,cloudy
2017-08-16,0213-0215,clear
2017-08-16,0215-0229,cloudy
2017-08-16,0229-0237,clear
2017-08-16,0237-0243,cloudy
2017-08-16,0243-0405,clear
2017-08-16,0405-0440,cloudy
2017-08-16,0440-0442,clear
2017-08-16,0442-0447,cloudy
2017-08-16,0447-0612,clear
2017-08-16,0612-0710,cloudy
2017-08-16,0710-0808,clear
2017-08-16,0808-0812,cloudy
2017-08-16,0812-0819,clear
2017-08-16,0819-0820,cloudy
2017-08-16,0820-0821,clear
2017-08-16,0821-0856,cloudy
2017-08-16,0856-0859,clear
2017-08-16,0859-0900,cloudy
2017-08-16,0900-0930,clear
2017-08-16,0930-0945,cloudy
2017-08-16,0945-1348,clear
2017-08-16,1348-1528,cloudy
2017-08-16,1528-1548,clear
2017-08-16,1548-1552,cloudy
2017-08-16,1552-1553,clear
2017-08-16,1553-1555,cloudy
2017-08-16,1555-1602,clear
2017-08-16,1602-1609,cloudy
2017-08-16,1609-1612,clear
2017-08-16,1612-1621,cloudy
2017-08-16,1621-1623,clear
2017-08-16,1623-1628,cloudy
2017-08-16,1628-1630,clear
2017-08-16,1630-1636,cloudy
2017-08-16,1636-1638,clear
2017-08-16,1638-1643,cloudy
2017-08-16,1643-1644,clear
2017-08-16,1644-1720,cloudy
2017-08-16,1720-1725,clear
2017-08-16,1725-1727,cloudy
2017-08-16,1727-1729,clear
2017-08-16,1729-1730,cloudy
2017-08-16,1730-1738,clear
2017-08-16,1738-1739,cloudy
2017-08-16,1739-1740,clear
2017-08-16,1740-1830,cloudy
2017-08-16,1830-1838,clear
2017-08-16,1838-1840,cloudy
2017-08-16,1840-1842,clear
2017-08-16,1842-1843,cloudy
2017-08-16,1843-1846,clear
2017-08-16,1846-1858,cloudy
2017-08-16,1858-1908,clear
2017-08-16,1908-2005,cloudy
2017-08-16,2005-2008,clear
2017-08-16,2008-2013,cloudy
2017-08-16,2013-2018,clear
2017-08-16,2018-2051,cloudy
2017-08-16,2051-2052,clear
2017-08-16,2052-2100,cloudy
2017-08-16,2100-2108,clear
2017-08-16,2108-2114,cloudy
2017-08-16,2114-2336,clear
2017-08-16,2336-2359,cloudy
2017-08-16,0000-0009,cloudy
2017-08-17,0009-0045,rain
2017-08-17,0045-0050,cloudy
2017-08-17,0050-0100,clear
2017-08-17,0100-0120,cloudy
2017-08-17,0120-0125,clear
2017-08-17,0125-0131,cloudy
2017-08-17,0131-0135,clear
2017-08-17,0135-0215,cloudy
2017-08-17,0215-2359,clear
2017-08-18,0000-0621,clear
2017-08-18,0621-0719,cloudy
2017-08-18,0719-0740,clear
2017-08-18,0740-0840,cloudy
2017-08-18,0840-0850,clear
2017-08-18,0850-0930,cloudy
2017-08-18,0930-0933,clear
2017-08-18,0933-0935,cloudy
2017-08-18,0935-1019,clear
2017-08-18,1019-1027,cloudy
2017-08-18,1027-1033,clear
2017-08-18,1033-1034,cloudy
2017-08-18,1034-1036,clear
2017-08-18,1036-1040,cloudy
2017-08-18,1040-1107,clear
2017-08-18,1107-1124,cloudy
2017-08-18,1124-1128,clear
2017-08-18,1128-1130,cloudy
2017-08-18,1130-1132,clear
2017-08-18,1132-1152,cloudy
2017-08-18,1152-1154,clear
2017-08-18,1154-1209,cloudy
2017-08-18,1209-1215,clear
2017-08-18,1215-1217,cloudy
2017-08-18,1217-1221,clear
2017-08-18,1221-1222,cloudy
2017-08-18,1222-1230,clear
2017-08-18,1230-1235,cloudy
2017-08-18,1235-1248,clear
2017-08-18,1248-1250,cloudy
2017-08-18,1250-1301,clear
2017-08-18,1301-1350,cloudy
2017-08-18,1350-1408,clear
2017-08-18,1408-1420,cloudy
2017-08-18,1420-1425,clear
2017-08-18,1425-1426,cloudy
2017-08-18,1426-1430,clear
2017-08-18,1430-1432,cloudy
2017-08-18,1432-1446,clear
2017-08-18,1446-1649,cloudy
2017-08-18,1649-2359,clear
2017-08-19,0000-1208,clear
2017-08-19,1208-1213,cloudy
2017-08-19,1213-1215,clear
2017-08-19,1215-1220,cloudy
2017-08-19,1220-1221,clear
2017-08-19,1221-1225,cloudy
2017-08-19,1225-1350,clear
2017-08-19,1350-1352,cloudy
2017-08-19,1352-1410,clear
2017-08-19,1410-1416,cloudy
2017-08-19,1416-1419,clear
2017-08-19,1419-1424,cloudy
2017-08-19,1424-1436,clear
2017-08-19,1436-1438,cloudy
2017-08-19,1438-1442,clear
2017-08-19,1442-1447,cloudy
2017-08-19,1447-1538,clear
2017-08-19,1538-1540,cloudy
2017-08-19,1540-1548,clear
2017-08-19,1548-1550,cloudy
2017-08-19,1550-1556,clear
2017-08-19,1556-1558,cloudy
2017-08-19,1558-1610,clear
2017-08-19,1610-1616,cloudy
2017-08-19,1616-2010,clear
2017-08-19,2010-2012,cloudy
2017-08-19,2012-2022,clear
2017-08-19,2022-2024,cloudy
2017-08-19,2024-2037,clear
2017-08-19,2037-2041,cloudy
2017-08-19,2041-2044,clear
2017-08-19,2044-2045,cloudy
2017-08-19,2045-2150,clear
2017-08-19,2150-2157,cloudy
2017-08-19,2157-2205,clear
2017-08-19,2205-2210,cloudy
2017-08-19,2210-2211,clear
2017-08-19,2211-2213,cloudy
2017-08-19,2213-2214,clear
2017-08-19,2214-2218,cloudy
2017-08-19,2218-2221,clear
2017-08-19,2221-2222,cloudy
2017-08-19,2222-2252,clear
2017-08-19,2252-2254,cloudy
2017-08-19,2254-2359,clear
2017-08-20,0000-0003,clear
2017-08-20,0003-0005,cloudy
2017-08-20,0004-0027,clear
2017-08-20,0027-0029,cloudy
2017-08-20,0029-2359,clear
2017-08-21,0000-0255,clear
2017-08-21,0255-0300,cloudy
2017-08-21,0300-0405,clear
2017-08-21,0405-0410,cloudy
2017-08-21,0410-0534,clear
2017-08-21,0534-0536,cloudy
2017-08-21,0536-0545,clear
2017-08-21,0545-0549,cloudy
2017-08-21,0549-0558,clear
2017-08-21,0558-0606,cloudy
2017-08-21,0606-0955,clear
2017-08-21,0955-0957,cloudy
2017-08-21,0957-1028,clear
2017-08-21,1028-1030,cloudy
2017-08-21,1030-1042,clear
2017-08-21,1042-1105,cloudy
2017-08-21,1105-1107,clear
2017-08-21,1107-1155,cloudy
2017-08-21,1155-1242,clear
2017-08-21,1242-1245,cloudy
2017-08-21,1245-1540,clear
2017-08-21,1540-1542,cloudy
2017-08-21,1542-1553,clear
2017-08-21,1553-1600,cloudy
2017-08-21,1600-1910,clear
2017-08-21,1910-1948,cloudy
2017-08-21,1948-2002,clear
2017-08-21,2002-2016,cloudy
2017-08-21,2016-2027,clear
2017-08-21,2027-2030,cloudy
2017-08-21,2030-2035,clear
2017-08-21,2035-2039,cloudy
2017-08-21,2039-2044,clear
2017-08-21,2044-2050,cloudy
2017-08-21,2050-2112,clear
2017-08-21,2112-2114,cloudy
2017-08-21,2114-2115,clear
2017-08-21,2115-2122,cloudy
2017-08-21,2122-2124,clear
2017-08-21,2124-2131,cloudy
2017-08-21,2131-2149,clear
2017-08-21,2149-2151,cloudy
2017-08-21,2151-2348,clear
2017-08-21,2348-0000,cloudy
2017-08-22,0000-0100,cloudy
2017-08-22,0100-0516,clear
2017-08-22,0516-0520,cloudy
2017-08-22,0520-0526,clear
2017-08-22,0526-0544,cloudy
2017-08-22,0544-0545,clear
2017-08-22,0545-0547,cloudy
2017-08-22,0547-0549,clear
2017-08-22,0549-1028,cloudy
2017-08-22,1028-1048,clear
2017-08-22,1048-1110,cloudy
2017-08-22,1110-1125,clear
2017-08-22,1125-1128,cloudy
2017-08-22,1128-1132,clear
2017-08-22,1132-1240,cloudy
2017-08-22,1240-1253,clear
2017-08-22,1253-1302,cloudy
2017-08-22,1302-1308,clear
2017-08-22,1308-1320,cloudy
2017-08-22,1320-1338,clear
2017-08-22,1338-1558,cloudy
2017-08-22,1558-1618,clear
2017-08-22,1618-1635,cloudy
2017-08-22,1635-1852,clear
2017-08-22,1852-1910,cloudy
2017-08-22,1910-1914,clear
2017-08-22,1914-1916,cloudy
2017-08-22,1916-1922,clear
2017-08-22,1922-1924,cloudy
2017-08-22,1924-1932,clear
2017-08-22,1932-1938,cloudy
2017-08-22,1938-1942,clear
2017-08-22,1942-1946,cloudy
2017-08-22,1946-1952,clear
2017-08-22,1952-1956,cloudy
2017-08-22,1956-2000,clear
2017-08-22,2000-2003,cloudy
2017-08-22,2003-2009,clear
2017-08-22,2009-2012,cloudy
2017-08-22,2012-2018,clear
2017-08-22,2018-2029,cloudy
2017-08-22,2029-2031,clear
2017-08-22,2031-2110,cloudy
2017-08-22,2110-2114,clear
2017-08-22,2114-2115,cloudy
2017-08-22,2115-2116,clear
2017-08-22,2116-2118,cloudy
2017-08-22,2118-2128,clear
2017-08-22,2128-2355,cloudy
2017-08-22,2355-0000,rain
2017-08-23,0000-0005,rain
2017-08-23,0005-0009,cloudy
2017-08-23,0009-0011,rain
2017-08-23,0011-0013,cloudy
2017-08-23,0013-0038,rain
2017-08-23,0038-0040,cloudy
2017-08-23,0040-0048,clear
2017-08-23,0048-0052,cloudy
2017-08-23,0052-0154,clear
2017-08-23,0154-0230,cloudy
2017-08-23,0230-0250,clear
2017-08-23,0250-0715,cloudy
2017-08-23,0715-2359,clear
2017-08-24,0000-1844,clear
2017-08-24,1844-1849,cloudy
2017-08-24,1849-1907,clear
2017-08-24,1907-1910,cloudy
2017-08-24,1910-1921,clear
2017-08-24,1921-1923,cloudy
2017-08-24,1923-1924,clear
2017-08-24,1924-1926,cloudy
2017-08-24,1926-2025,clear
2017-08-24,2015-2028,cloudy
2017-08-24,2028-2033,clear
2017-08-24,2033-2035,cloudy
2017-08-24,2035-2043,clear
2017-08-24,2043-2045,cloudy
2017-08-24,2045-2100,clear
2017-08-24,2100-2101,cloudy
2017-08-24,2101-2113,clear
2017-08-24,2113-2116,cloudy
2017-08-24,2116-2144,clear
2017-08-24,2144-2148,cloudy
2017-08-24,2148-2157,clear
2017-08-24,2157-2201,cloudy
2017-08-24,2201-2205,clear
2017-08-24,2205-2208,cloudy
2017-08-24,2208-2220,clear
2017-08-24,2220-2221,cloudy
2017-08-24,2221-2223,clear
2017-08-24,2223-2224,cloudy
2017-08-24,2224-2232,clear
2017-08-24,2232-2238,cloudy
2017-08-24,2238-2244,clear
2017-08-24,2244-2245,cloudy
2017-08-24,2245-2247,clear
2017-08-24,2247-2251,cloudy
2017-08-24,2251-2252,clear
2017-08-24,2252-2254,cloudy
2017-08-24,2254-2332,clear
2017-08-24,2332-2337,cloudy
2017-08-24,2337-2350,clear
2017-08-24,2350-2352,cloudy
2017-08-24,2352-2359,clear
2017-08-25,0000-0440,clear
2017-08-25,0440-0510,cloudy
2017-08-25,0510-0535,clear
2017-08-25,0525-0538,cloudy
2017-08-25,0528-0543,clear
2017-08-25,0543-0547,cloudy
2017-08-25,0547-0550,clear
2017-08-25,0550-0553,cloudy
2017-08-25,0553-0557,clear
2017-08-25,0557-0559,cloudy
2017-08-25,0559-0600,clear
2017-08-25,0600-0631,cloudy
2017-08-25,0631-0646,clear
2017-08-25,0646-0648,cloudy
2017-08-25,0648-0702,clear
2017-08-25,0702-0703,cloudy
2017-08-25,0703-0708,clear
2017-08-25,0708-0714,cloudy
2017-08-25,0714-0719,clear
2017-08-25,0719-0720,cloudy
2017-08-25,0720-0805,clear
2017-08-25,0805-0850,cloudy
2017-08-25,0850-0855,clear
2017-08-25,0855-0858,cloudy
2017-08-25,0858-1320,clear
2017-08-25,1320-1325,cloudy
2017-08-25,1325-1333,clear
2017-08-25,1333-1339,cloudy
2017-08-25,1339-1355,clear
2017-08-25,1355-1359,cloudy
2017-08-25,1359-1420,clear
2017-08-25,1420-1520,cloudy
2017-08-25,1520-1546,clear
2017-08-25,1546-1550,cloudy
2017-08-25,1550-1638,clear
2017-08-25,1638-1702,cloudy
2017-08-25,1702-1709,clear
2017-08-25,1709-1711,cloudy
2017-08-25,1711-1716,clear
2017-08-25,1716-1722,cloudy
2017-08-25,1722-1724,clear
2017-08-25,1724-2117,cloudy
2017-08-25,2117-2120,clear
2017-08-25,2120-2142,cloudy
2017-08-25,2142-2152,clear
2017-08-25,2152-2311,cloudy
2017-08-25,2311-2315,clear
2017-08-25,2315-2359,cloudy
2017-08-26,0000-0258,cloudy
2017-08-26,0258-0302,clear
2017-08-26,0302-0306,cloudy
2017-08-26,0306-0314,clear
2017-08-26,0314-0350,cloudy
2017-08-26,0350-0356,clear
2017-08-26,0356-0412,cloudy
2017-08-26,0412-0414,clear
2017-08-26,0414-0450,cloudy
2017-08-26,0450-0633,clear
2017-08-26,0633-0650,cloudy
2017-08-26,0650-0655,clear
2017-08-26,0655-0722,cloudy
2017-08-26,0722-0730,clear
2017-08-26,0730-0742,cloudy
2017-08-26,0742-0757,clear
2017-08-26,0757-0852,cloudy
2017-08-26,0852-1150,clear
2017-08-26,1150-1808,cloudy
2017-08-26,1808-1820,clear
2017-08-26,1820-1822,cloudy
2017-08-26,1822-1830,clear
2017-08-26,1830-1857,cloudy
2017-08-26,1857-1900,clear
2017-08-26,1900-1904,cloudy
2017-08-26,1904-1945,clear
2017-08-26,1945-2002,cloudy
2017-08-26,2002-2007,clear
2017-08-26,2007-2011,cloudy
2017-08-26,2011-2024,clear
2017-08-26,2024-2050,cloudy
2017-08-26,2050-2052,clear
2017-08-26,2052-2055,cloudy
2017-08-26,2055-2056,clear
2017-08-26,2056-2109,cloudy
2017-08-26,2109-2110,clear
2017-08-26,2110-2118,cloudy
2017-08-26,2118-2120,clear
2017-08-26,2120-2142,cloudy
2017-08-26,2142-2145,clear
2017-08-26,2145-2206,cloudy
2017-08-26,2206-2208,clear
2017-08-26,2208-2318,cloudy
2017-08-26,2318-2321,clear
2017-08-26,2321-2329,cloudy
2017-08-26,2329-2334,clear
2017-08-26,2334-2337,cloudy
2017-08-26,2337-2344,clear
2017-08-26,2344-2347,cloudy
2017-08-26,2347-2351,clear
2017-08-26,2351-2355,cloudy
2017-08-26,2355-2359,clear
2017-08-27,0000-1520,clear
2017-08-27,1520-1538,cloudy
2017-08-27,1538-1550,clear
2017-08-27,1550-1600,cloudy
2017-08-27,1600-1606,clear
2017-08-27,1606-1620,cloudy
2017-08-27,1620-1715,clear
2017-08-27,1715-1716,cloudy
2017-08-27,1716-1730,clear
2017-08-27,1730-1742,cloudy
2017-08-27,1742-1753,clear
2017-08-27,1753-1755,cloudy
2017-08-27,1755-1809,clear
2017-08-27,1809-1812,cloudy
2017-08-27,1812-1932,clear
2017-08-27,1932-1935,cloudy
2017-08-27,1935-1940,clear
2017-08-27,1940-1942,cloudy
2017-08-27,1942-2005,clear
2017-08-27,2005-2018,cloudy
2017-08-27,2018-2021,clear
2017-08-27,2031-2031,cloudy
2017-08-27,2031-2038,clear
2017-08-27,2038-2041,cloudy
2017-08-27,2041-2048,clear
2017-08-27,2048-2050,cloudy
2017-08-27,2050-2051,clear
2017-08-27,2051-2114,cloudy
2017-08-27,2114-2138,clear
2017-08-27,2138-2150,cloudy
2017-08-27,2150-2154,clear
2017-08-27,2154-2210,cloudy
2017-08-27,2210-2228,clear
2017-08-27,2228-2230,cloudy
2017-08-27,2230-2359,clear
2017-08-27,0000-0043,clear
2017-08-28,0043-0045,cloudy
2017-08-28,0045-0304,clear
2017-08-28,0304-0313,cloudy
2017-08-28,0313-0321,clear
2017-08-28,0321-0327,cloudy
2017-08-28,0327-1702,clear
2017-08-28,1702-1704,cloudy
2017-08-28,1704-1710,clear
2017-08-28,1710-1711,cloudy
2017-08-28,1711-1724,clear
2017-08-28,1724-1726,cloudy
2017-08-28,1726-1729,clear
2017-08-28,1729-1731,cloudy
2017-08-28,1731-1733,clear
2017-08-28,1733-1736,cloudy
2017-08-28,1736-1748,clear
2017-08-28,1748-1750,cloudy
2017-08-28,1750-1828,clear
2017-08-28,1828-1830,cloudy
2017-08-28,1830-1833,clear
2017-08-28,1833-1834,cloudy
2017-08-28,1834-1836,clear
2017-08-28,1836-1837,cloudy
2017-08-28,1837-1839,clear
2017-08-28,1839-1840,cloudy
2017-08-28,1840-1857,clear
2017-08-28,1857-1900,cloudy
2017-08-28,1900-1903,clear
2017-08-28,1903-1907,cloudy
2017-08-28,1907-1909,clear
2017-08-28,1909-1911,cloudy
2017-08-28,1911-1918,clear
2017-08-28,1918-1921,cloudy
2017-08-28,1921-1923,clear
2017-08-28,1923-1929,cloudy
2017-08-28,1929-1940,clear
2017-08-28,1940-1943,cloudy
2017-08-28,1943-1946,clear
2017-08-28,1946-1958,cloudy
2017-08-28,1958-2002,clear
2017-08-28,2002-2007,cloudy
2017-08-28,2007-2019,clear
2017-08-28,2019-2030,cloudy
2017-08-28,2030-2102,clear
2017-08-28,2102-2104,cloudy
2017-08-28,2104-2107,clear
2017-08-28,2107-2109,cloudy
2017-08-28,2109-2110,clear
2017-08-28,2110-2111,cloudy
2017-08-28,2111-2130,clear
2017-08-28,2130-2133,cloudy
2017-08-28,2133-2139,clear
2017-08-28,2139-2140,cloudy
2017-08-28,2140-2359,clear
2017-08-29,0000-1605,clear
2017-08-29,1605-1607,cloudy
2017-08-29,1607-1614,clear
2017-08-29,1614-1616,cloudy
2017-08-29,1616-1617,clear
2017-08-29,1617-1622,cloudy
2017-08-29,1622-1623,clear
2017-08-29,1623-1626,cloudy
2017-08-29,1626-1635,clear
2017-08-29,1635-1638,cloudy
2017-08-29,1638-1641,clear
2017-08-29,1641-1642,cloudy
2017-08-29,1642-1652,clear
2017-08-29,1652-1654,cloudy
2017-08-29,1654-1710,clear
2017-08-29,1710-1713,cloudy
2017-08-29,1713-1720,clear
2017-08-29,1720-1721,cloudy
2017-08-29,1721-1730,clear
2017-08-29,1730-1731,cloudy
2017-08-29,1731-1734,clear
2017-08-29,1734-1738,cloudy
2017-08-29,1738-1740,clear
2017-08-29,1740-1742,cloudy
2017-08-29,1742-1743,clear
2017-08-29,1743-1744,cloudy
2017-08-29,1744-1905,clear
2017-08-29,1905-1907,cloudy
2017-08-29,1907-1923,clear
2017-08-29,1923-1926,cloudy
2017-08-29,1926-1928,clear
2017-08-29,1928-1929,cloudy
2017-08-29,1929-1939,clear
2017-08-29,1939-1940,cloudy
2017-08-29,1940-1950,clear
2017-08-29,1950-1952,cloudy
2017-08-29,1952-2030,clear
2017-08-29,2030-2033,cloudy
2017-08-29,2033-2036,clear
2017-08-29,2036-2042,cloudy
2017-08-29,2042-2104,clear
2017-08-29,2104-2105,cloudy
2017-08-29,2015-2107,clear
2017-08-29,2107-2111,cloudy
2017-08-29,2111-2218,clear
2017-08-29,2218-2219,cloudy
2017-08-29,2219-2359,clear
2017-08-30,0000-1624,clear
2017-08-30,1624-1625,cloudy
2017-08-30,1625-1629,clear
2017-08-30,1629-1630,cloudy
2017-08-30,1630-1632,clear
2017-08-30,1632-1633,cloudy
2017-08-30,1633-1642,clear
2017-08-30,1642-1646,cloudy
2017-08-30,1645-1651,clear
2017-08-30,1651-1652,cloudy
2017-08-30,1652-1814,clear
2017-08-30,1814-1820,cloudy
2017-08-30,1820-1833,clear
2017-08-30,1833-1839,cloudy
2017-08-30,1839-1843,clear
2017-08-30,1843-1844,cloudy
2017-08-30,1844-1853,clear
2017-08-30,1853-1857,cloudy
2017-08-30,1857-1905,clear
2017-08-30,1905-1906,cloudy
2017-08-30,1906-1910,clear
2017-08-30,1910-1912,cloudy
2017-08-30,1912-1918,clear
2017-08-30,1918-1919,cloudy
2017-08-30,1919-1925,clear
2017-08-30,1925-1926,cloudy
2017-08-30,1926-1935,clear
2017-08-30,1935-1942,cloudy
2017-08-30,1942-1954,clear
2017-08-30,1954-2000,cloudy
2017-08-30,2000-2012,clear
2017-08-30,2012-2019,cloudy
2017-08-30,2019-2034,clear
2017-08-30,2034-2040,cloudy
2017-08-30,2040-2052,clear
2017-08-30,2052-2053,cloudy
2017-08-30,2053-2104,clear
2017-08-30,2104-2105,cloudy
2017-08-30,2105-2120,clear
2017-08-30,2120-2121,cloudy
2017-08-30,2121-2131,clear
2017-08-30,2131-2139,cloudy
2017-08-30,2139-2200,clear
2017-08-30,2200-2204,cloudy
2017-08-30,2204-2210,clear
2017-08-30,2210-2214,cloudy
2017-08-30,2214-2230,clear
2017-08-30,2230-2236,cloudy
2017-08-30,2236-2239,clear
2017-08-30,2239-2242,cloudy
2017-08-30,2242-2307,clear
2017-08-30,2307-2308,cloudy
2017-08-30,2308-2359,clear
2017-08-31,0000-0230,clear
2017-08-31,0230-0235,cloudy
2017-08-31,0235-1634,clear
2017-08-31,1634-1635,cloudy
2017-08-31,1635-1642,clear
2017-08-31,1642-1643,cloudy
2017-08-31,1643-1653,clear
2017-08-31,1653-1657,cloudy
2017-08-31,1657-1700,clear
2017-08-31,2300-2359,clear
2017-09-01,0000-0500,clear
2017-09-01,1423-1500,clear
2017-09-01,2300-2359,cloudy
2017-09-02,0000-0730,cloudy
2017-09-02,0230-0232,clear
2017-09-02,0232-0353,cloudy
2017-09-02,0353-0356,clear
2017-09-02,0356-0440,cloudy
2017-09-02,0440-0445,clear
2017-09-02,0445-0730,cloudy
2017-09-02,0730-1100,rain
2017-09-02,1100-1300,clear
2017-09-02,1300-1305,cloudy
2017-09-02,1305-1350,clear
2017-09-02,1350-1410,cloudy
2017-09-02,1410-1418,clear
2017-09-02,1418-1427,cloudy
2017-09-02,1427-1524,clear
2017-09-02,1524-1542,cloudy
2017-09-02,1542-1551,clear
2017-09-02,1551-1716,cloudy
2017-09-02,1716-1733,clear
2017-09-02,1733-1734,cloudy
2017-09-02,1734-1828,clear
2017-09-02,1828-1830,cloudy
2017-09-02,1820-1836,clear
2017-09-02,1836-1840,cloudy
2017-09-02,1840-1845,clear
2017-09-02,1845-1849,cloudy
2017-09-02,1849-2359,clear
2017-09-03,0000-2203,clear
2017-09-03,2203-2212,cloudy
2017-09-03,2212-2230,clear
2017-09-03,2230-2331,cloudy
2017-09-03,2331-2246,clear
2017-09-03,2246-2249,cloudy
2017-09-03,2249-2359,clear
2017-09-04,0000-2359,clear
2017-09-05,0000-0400,clear
2017-09-05,0400-0550,cloudy
2017-09-05,0550-0630,clear
2017-09-05,0630-0631,cloudy
2017-09-05,0632-0645,clear
2017-09-05,0645-1122,cloudy
2017-09-05,1122-1135,clear
2017-09-05,1135-1136,cloudy
2017-09-05,1136-1500,clear
2017-09-05,2300-2359,clear
2017-09-06,0000-1500,clear
2017-09-06,1730-2359,clear
2017-09-07,0000-1630,clear
2017-09-07,2300-2359,clear
2017-09-08,0000-0500,clear
2017-09-08,0500-0505,cloudy
2017-09-08,0505-1212,clear
2017-09-08,1212-1214,cloudy
2017-09-08,1214-1229,clear
2017-09-08,1229-1239,cloudy
2017-09-08,1239-1500,clear
2017-09-08,2300-0000,clear
2017-09-09,0000-0850,clear
2017-09-09,0850-0854,cloudy
2017-09-09,0854-0945,clear
2017-09-09,0945-0950,cloudy
2017-09-09,0950-1050,clear
2017-09-09,1050-1109,cloudy
2017-09-09,1109-1110,clear
2017-09-09,1110-1500,clear
2017-09-09,2300-2359,clear
2017-09-10,0000-1700,clear
2017-09-10,2300-2359,clear
2017-09-11,0000-0210,clear
2017-09-11,0210-0300,cloudy
2017-09-11,0300-1530,clear
2017-09-11,2300-2359,clear
2017-09-12,0000-2359,clear
2017-09-13,0000-2359,clear
2017-09-14,0000-1142,clear
2017-09-14,1142-1144,cloudy
2017-09-14,1144-1150,clear
2017-09-14,1150-1152,cloudy
2017-09-14,1152-1155,clear
2017-09-14,1155-1209,cloudy
2017-09-14,1209-1215,clear
2017-09-14,1215-1230,cloudy
2017-09-14,1230-1235,clear
2017-09-14,1235-1236,cloudy
2017-09-14,1236-1242,clear
2017-09-14,1242-1315,cloudy
2017-09-14,1315-1500,clear
2017-09-14,2300-2359,clear
2017-09-15,0000-1155,clear
2017-09-15,1155-1252,cloudy
2017-09-15,1252-1418,rain
2017-09-15,1418-1510,cloudy
2017-09-15,1510-1518,clear
2017-09-15,1518-1525,cloudy
2017-09-15,1525-1527,clear
2017-09-15,1527-1529,cloudy
2017-09-15,1529-1722,clear
2017-09-15,1722-1727,cloudy
2017-09-15,1727-1732,clear
2017-09-15,1732-1757,cloudy
2017-09-15,1757-1802,clear
2017-09-15,1802-1810,cloudy
2017-09-15,1810-1812,clear
2017-09-15,1812-1816,cloudy
2017-09-15,1816-1818,clear
2017-09-15,1818-1821,cloudy
2017-09-15,1821-1824,clear
2017-09-15,1824-1843,cloudy
2017-09-15,1843-1846,clear
2017-09-15,1846-1900,cloudy
2017-09-15,2300-2310,cloudy
2017-09-15,2310-2335,clear
2017-09-15,2335-2350,cloudy
2017-09-15,2350-2355,clear
2017-09-15,2355-2359,cloudy
2017-09-16,0000-0050,cloudy
2017-09-16,0000-0002,clear
2017-09-16,0002-0005,cloudy
2017-09-16,0005-0013,clear
2017-09-16,0013-0033,cloudy
2017-09-16,0033-0037,clear
2017-09-16,0037-0041,cloudy
2017-09-16,0041-0044,clear
2017-09-16,0044-0050,cloudy
2017-09-16,0050-0053,clear
2017-09-16,0053-0055,cloudy
2017-09-16,0055-0057,clear
2017-09-16,0057-0132,cloudy
2017-09-16,0132-0155,clear
2017-09-16,0155-0200,cloudy
2017-09-16,0200-0246,clear
2017-09-16,0246-0250,cloudy
2017-09-16,0250-0310,clear
2017-09-16,0310-0315,cloudy
2017-09-16,0315-0317,clear
2017-09-16,0317-0319,cloudy
2017-09-16,0319-0330,clear
2017-09-16,0330-0331,cloudy
2017-09-16,0331-0336,clear
2017-09-16,0336-0350,cloudy
2017-09-16,0350-0409,clear
2017-09-16,0400-0405,cloudy
2017-09-16,0405-0409,clear
2017-09-16,0409-0425,cloudy
2017-09-16,0425-0430,clear
2017-09-16,0430-0513,cloudy
2017-09-16,0513-0515,clear
2017-09-16,0515-0517,cloudy
2017-09-16,0517-0530,clear
2017-09-16,0530-0540,cloudy
2017-09-16,0540-0542,clear
2017-09-16,0542-0605,cloudy
2017-09-16,0605-0607,clear
2017-09-16,0607-0625,cloudy
2017-09-16,0625-0630,clear
2017-09-16,0630-0634,cloudy
2017-09-16,0634-0635,clear
2017-09-16,0635-0639,cloudy
2017-09-16,0639-0640,clear
2017-09-16,0640-0643,cloudy
2017-09-16,0643-0650,clear
2017-09-16,0650-0800,cloudy
2017-09-16,0800-0952,clear
2017-09-16,0952-1012,cloudy
2017-09-16,1012-1028,clear
2017-09-16,1028-1030,cloudy
2017-09-16,1030-1032,clear
2017-09-16,1032-1033,cloudy
2017-09-16,1033-1035,clear
2017-09-16,1035-1037,cloudy
2017-09-16,1037-1040,clear
2017-09-16,1040-1042,cloudy
2017-09-16,1042-1059,clear
2017-09-16,1059-1200,cloudy
2017-09-16,1200-1208,clear
2017-09-16,1208-1228,cloudy
2017-09-16,1228-1229,clear
2017-09-16,1229-1231,cloudy
2017-09-16,1231-1245,clear
2017-09-16,1245-1314,cloudy
2017-09-16,1314-1637,clear
2017-09-16,1637-1640,cloudy
2017-09-16,1640-1702,clear
2017-09-16,1702-1907,cloudy
2017-09-16,1907-1912,rain
2017-09-16,1912-1919,cloudy
2017-09-16,1919-1930,rain
2017-09-16,1930-2005,cloudy
2017-09-16,2005-2013,clear
2017-09-16,2013-2014,cloudy
2017-09-16,2014-2244,clear
2017-09-16,2244-2246,cloudy
2017-09-16,2246-2359,clear
2017-09-17,0000-0140,clear
2017-09-17,0140-0222,cloudy
2017-09-17,0222-0442,clear
2017-09-17,0442-0452,cloudy
2017-09-17,0452-0459,clear
2017-09-17,0459-0501,cloudy
2017-09-17,0501-0512,clear
2017-09-17,0512-0513,cloudy
2017-09-17,0513-0515,clear
2017-09-17,0515-0523,cloudy
2017-09-17,0523-0720,clear
2017-09-17,0720-0803,cloudy
2017-09-17,0803-0810,clear
2017-09-17,0810-1150,cloudy
2017-09-17,1150-1200,clear
2017-09-17,1200-1250,cloudy
2017-09-17,1250-1253,clear
2017-09-17,1253-1308,cloudy
2017-09-17,1308-1331,clear
2017-09-17,1331-1334,cloudy
2017-09-17,1334-1340,clear
2017-09-17,1340-1343,cloudy
2017-09-17,1343-1542,clear
2017-09-17,1542-1604,cloudy
2017-09-17,1604-1610,clear
2017-09-17,1610-1642,cloudy
2017-09-17,1642-1650,rain
2017-09-17,1650-1850,cloudy
2017-09-17,1850-1930,rain
2017-09-17,1930-2030,cloudy
2017-09-17,2030-2040,rain
2017-09-17,2040-2359,cloudy
2017-09-18,0000-0022,cloudy
2017-09-18,0022-0039,clear
2017-09-18,0039-0041,cloudy
2017-09-18,0041-0044,clear
2017-09-18,0044-0046,cloudy
2017-09-18,0046-0052,clear
2017-09-18,0052-0100,cloudy
2017-09-18,0100-0405,clear
2017-09-18,0405-0412,cloudy
2017-09-18,0412-0428,clear
2017-09-18,0428-0432,cloudy
2017-09-18,0432-0442,clear
2017-09-18,0442-0508,cloudy
2017-09-18,0508-0625,clear
2017-09-18,0625-0647,cloudy
2017-09-18,0647-0822,clear
2017-09-18,0822-0825,cloudy
2017-09-18,0825-1218,clear
2017-09-18,1218-1320,cloudy
2017-09-18,1320-1332,clear
2017-09-18,1332-1340,cloudy
2017-09-18,1340-1347,clear
2017-09-18,1347-1358,cloudy
2017-09-18,1358-1404,clear
2017-09-18,1404-1412,cloudy
2017-09-18,1412-1418,clear
2017-09-18,1418-1422,cloudy
2017-09-18,1422-1430,clear
2017-09-18,1430-1437,cloudy
2017-09-18,1437-1440,clear
2017-09-18,1440-1447,cloudy
2017-09-18,1447-1450,clear
2017-09-18,1450-1500,cloudy
2017-09-18,2300-2313,clear
2017-09-18,2313-2316,cloudy
2017-09-18,2316-2359,clear
2017-09-19,0000-0250,clear
2017-09-19,0250-0252,cloudy
2017-09-19,0252-0256,clear
2017-09-19,0256-0259,cloudy
2017-09-19,0259-0317,clear
2017-09-19,0317-0321,cloudy
2017-09-19,0321-0350,clear
2017-09-19,0350-0437,cloudy
2017-09-19,0437-0648,clear
2017-09-19,0648-0653,cloudy
2017-09-19,0653-0755,clear
2017-09-19,0755-0805,cloudy
2017-09-19,0805-0810,clear
2017-09-19,0810-0824,cloudy
2017-09-19,0824-0838,clear
2017-09-19,0838-0850,cloudy
2017-09-19,0850-0900,rain
2017-09-19,0900-0930,cloudy
2017-09-19,0930-1045,rain
2017-09-19,1045-1142,cloudy
2017-09-19,1142-1700,clear
2017-09-19,2300-2359,clear
2017-09-20,0000-1224,clear
2017-09-20,1224-1250,cloudy
2017-09-20,1250-1435,clear
2017-09-20,1435-1445,cloudy
2017-09-20,1445-1447,clear
2017-09-20,1447-1449,cloudy
2017-09-20,1449-1450,clear
2017-09-20,1450-1500,cloudy
2017-09-20,2300-2301,clear
2017-09-20,2301-2302,cloudy
2017-09-20,2302-2326,clear
2017-09-20,2326-2332,cloudy
2017-09-20,2332-2343,clear
2017-09-20,2343-2346,cloudy
2017-09-20,2346-2349,clear
2017-09-20,2349-2350,cloudy
2017-09-20,2350-2359,clear
2017-09-21,0000-0052,clear
2017-09-21,0052-0101,cloudy
2017-09-21,0101-1410,clear
2017-09-21,1410-1418,cloudy
2017-09-21,1418-1500,clear
2017-09-21,2200-0000,clear
2017-09-22,0000-0938,clear
2017-09-22,0938-0940,cloudy
2017-09-22,0940-0941,clear
2017-09-22,0941-0942,cloudy
2017-09-22,0942-0952,clear
2017-09-22,0952-0959,cloudy
2017-09-22,0959-1500,clear
2017-09-22,2300-2359,clear
2017-09-23,0000-1611,clear
2017-09-23,1611-1612,cloudy
2017-09-23,1612-1616,clear
2017-09-23,1616-1618,cloudy
2017-09-23,1618-1626,clear
2017-09-23,1626-1627,cloudy
2017-09-23,1627-1650,clear
2017-09-23,1650-1651,cloudy
2017-09-23,1651-1735,clear
2017-09-23,1735-1736,cloudy
2017-09-23,1736-1738,clear
2017-09-23,1738-1739,cloudy
2017-09-23,1739-1742,clear
2017-09-23,1742-1743,cloudy
2017-09-23,1743-1744,clear
2017-09-23,1744-1746,cloudy
2017-09-23,1746-1750,clear
2017-09-23,1750-1755,cloudy
2017-09-23,1755-1801,clear
2017-09-23,1801-1802,cloudy
2017-09-23,1802-1807,clear
2017-09-23,1807-1808,cloudy
2017-09-23,1808-1809,clear
2017-09-23,1809-1810,cloudy
2017-09-23,1810-1814,clear
2017-09-23,1814-1817,cloudy
2017-09-23,1817-1822,clear
2017-09-23,1822-1823,cloudy
2017-09-23,1823-1827,clear
2017-09-23,1827-1829,cloudy
2017-09-23,1829-1834,clear
2017-09-23,1834-1835,cloudy
2017-09-23,1835-1840,clear
2017-09-23,1840-1843,cloudy
2017-09-23,1843-1848,clear
2017-09-23,1848-1850,cloudy
2017-09-23,1850-1854,clear
2017-09-23,1854-1855,cloudy
2017-09-23,1855-1858,clear
2017-09-23,1858-1901,cloudy
2017-09-23,1901-1902,clear
2017-09-23,1902-1903,cloudy
2017-09-23,1903-1908,clear
2017-09-23,1908-1910,cloudy
2017-09-23,1910-1911,clear
2017-09-23,1911-1912,cloudy
2017-09-23,1912-1913,clear
2017-09-23,1913-1914,cloudy
2017-09-23,1914-1918,clear
2017-09-23,1918-1920,cloudy
2017-09-23,1920-1923,clear
2017-09-23,1923-1925,cloudy
2017-09-23,1925-1939,clear
2017-09-23,1939-1942,cloudy
2017-09-23,1942-1946,clear
2017-09-23,1946-1956,cloudy
2017-09-23,1956-2037,clear
2017-09-23,2037-2040,cloudy
2017-09-23,2040-2041,clear
2017-09-23,2041-2042,cloudy
2017-09-23,2042-2043,clear
2017-09-23,2043-2045,cloudy
2017-09-23,2045-2047,clear
2017-09-23,2047-2049,cloudy
2017-09-23,2049-2050,clear
2017-09-23,2050-2054,cloudy
2017-09-23,2054-2055,clear
2017-09-23,2055-2059,cloudy
2017-09-23,2059-2100,clear
2017-09-23,2100-2116,cloudy
2017-09-23,2116-2133,clear
2017-09-23,2133-2139,cloudy
2017-09-23,2139-2147,clear
2017-09-23,2147-2150,cloudy
2017-09-23,2150-2152,clear
2017-09-23,2152-2154,cloudy
2017-09-23,2154-2201,clear
2017-09-23,2201-2205,cloudy
2017-09-23,2205-2208,clear
2017-09-23,2208-2209,cloudy
2017-09-23,2209-2214,clear
2017-09-23,2214-2216,cloudy
2017-09-23,2216-2224,clear
2017-09-23,2224-2226,cloudy
2017-09-23,2226-2235,clear
2017-09-23,2235-2237,cloudy
2017-09-23,2237-2242,clear
2017-09-23,2242-2243,cloudy
2017-09-23,2243-2303,clear
2017-09-23,2303-2304,cloudy
2017-09-23,2304-2318,clear
2017-09-23,2318-2319,cloudy
2017-09-23,2319-2325,clear
2017-09-23,2325-2326,cloudy
2017-09-23,2326-2331,clear
2017-09-23,2331-2332,cloudy
2017-09-23,2332-2359,clear
2017-09-24,0000-0742,clear
2017-09-24,0742-0746,cloudy
2017-09-24,0746-0833,clear
2017-09-24,0833-0834,cloudy
2017-09-24,0834-1606,clear
2017-09-24,1606-1607,cloudy
2017-09-24,1607-1609,clear
2017-09-24,1609-1610,cloudy
2017-09-24,1610-1611,clear
2017-09-24,1611-1612,cloudy
2017-09-24,1612-1616,clear
2017-09-24,1616-1617,cloudy
2017-09-24,1617-1628,clear
2017-09-24,1628-1629,cloudy
2017-09-24,1629-1630,clear
2017-09-24,1630-1632,cloudy
2017-09-24,1632-1634,clear
2017-09-24,1634-1635,cloudy
2017-09-24,1635-1636,clear
2017-09-24,1636-1639,cloudy
2017-09-24,1639-1649,clear
2017-09-24,1649-1650,cloudy
2017-09-24,1650-1700,clear
2017-09-24,1700-1711,cloudy
2017-09-24,1711-1713,clear
2017-09-24,1713-1714,cloudy
2017-09-24,1714-1716,clear
2017-09-24,1716-1717,cloudy
2017-09-24,1717-1724,clear
2017-09-24,1724-1727,cloudy
2017-09-24,1727-1736,clear
2017-09-24,1736-1737,cloudy
2017-09-24,1737-1740,clear
2017-09-24,1740-1741,cloudy
2017-09-24,1741-1744,clear
2017-09-24,1744-1750,cloudy
2017-09-24,1750-1752,clear
2017-09-24,1752-1758,cloudy
2017-09-24,1758-1759,clear
2017-09-24,1759-1800,cloudy
2017-09-24,1800-1804,clear
2017-09-24,1804-1809,cloudy
2017-09-24,1809-1810,clear
2017-09-24,1810-1812,cloudy
2017-09-24,1812-1814,clear
2017-09-24,1814-1816,cloudy
2017-09-24,1816-1829,clear
2017-09-24,1829-1831,cloudy
2017-09-24,1831-1836,clear
2017-09-24,1836-1837,cloudy
2017-09-24,1837-1841,clear
2017-09-24,1841-1845,cloudy
2017-09-24,1845-1855,clear
2017-09-24,1855-1858,cloudy
2017-09-24,1858-1916,clear
2017-09-24,1916-1918,cloudy
2017-09-24,1918-1932,clear
2017-09-24,1932-1934,cloudy
2017-09-24,1934-1953,clear
2017-09-24,1953-2026,cloudy
2017-09-24,2026-2029,clear
2017-09-24,2029-2100,cloudy
2017-09-24,2100-2102,clear
2017-09-24,2102-2110,cloudy
2017-09-24,2110-2112,clear
2017-09-24,2112-2114,cloudy
2017-09-24,2114-2115,clear
2017-09-24,2115-2132,cloudy
2017-09-24,2132-2135,clear
2017-09-24,2135-2139,cloudy
2017-09-24,2139-2143,clear
2017-09-24,2143-2150,cloudy
2017-09-24,2150-2155,clear
2017-09-24,2155-2215,cloudy
2017-09-24,2215-2219,clear
2017-09-24,2219-2225,cloudy
2017-09-24,2225-2230,clear
2017-09-24,2230-2300,cloudy
2017-09-24,2300-2301,clear
2017-09-24,2301-2314,cloudy
2017-09-24,2314-2316,clear
2017-09-24,2316-2327,cloudy
2017-09-24,2327-2329,clear
2017-09-24,2329-2341,cloudy
2017-09-24,2341-2346,clear
2017-09-24,2346-2349,cloudy
2017-09-24,2349-2353,clear
2017-09-24,2353-2356,cloudy
2017-09-24,2356-2359,clear
2017-09-25,0000-0612,cloudy
2017-09-25,0612-0613,clear
2017-09-25,0613-0614,cloudy
2017-09-25,0614-0616,clear
2017-09-25,0616-0631,cloudy
2017-09-25,0631-0633,clear
2017-09-25,0633-0744,cloudy
2017-09-25,0744-0749,clear
2017-09-25,0749-0855,cloudy
2017-09-25,0855-0917,clear
2017-09-25,0917-0920,cloudy
2017-09-25,0920-1012,clear
2017-09-25,1012-1018,cloudy
2017-09-25,1018-1039,clear
2017-09-25,1039-1058,cloudy
2017-09-25,1058-1105,clear
2017-09-25,1105-1110,cloudy
2017-09-25,1110-1111,clear
2017-09-25,1111-1112,cloudy
2017-09-25,1112-1114,clear
2017-09-25,1114-1116,cloudy
2017-09-25,1116-1204,clear
2017-09-25,1204-1205,cloudy
2017-09-25,1205-1210,clear
2017-09-25,1210-1212,cloudy
2017-09-25,1212-1213,clear
2017-09-25,1213-1215,cloudy
2017-09-25,1215-1227,clear
2017-09-25,1227-1236,cloudy
2017-09-25,1236-1237,clear
2017-09-25,1237-1238,cloudy
2017-09-25,1238-1239,clear
2017-09-25,1239-1241,cloudy
2017-09-25,1241-1242,clear
2017-09-25,1242-1243,cloudy
2017-09-25,1243-1246,clear
2017-09-25,1246-1255,cloudy
2017-09-25,1255-1258,clear
2017-09-25,1258-1338,cloudy
2017-09-25,1338-1340,clear
2017-09-25,1340-1342,cloudy
2017-09-25,1342-1420,clear
2017-09-25,1420-1421,cloudy
2017-09-25,1421-1438,clear
2017-09-25,1438-1439,cloudy
2017-09-25,1439-1457,clear
2017-09-25,1457-1459,cloudy
2017-09-25,2300-2325,cloudy
2017-09-25,2325-2359,rain
2017-09-26,0000-0130,rain
2017-09-26,0130-0843,cloudy
2017-09-26,0843-0910,rain
2017-09-26,0910-1300,cloudy
2017-09-26,1300-1340,rain
2017-09-26,1340-1945,rain
2017-09-26,1945-2030,cloudy
2017-09-26,2030-2220,rain
2017-09-26,2220-2359,cloudy
2017-09-27,0000-0840,cloudy
2017-09-27,0840-1310,rain
2017-09-27,1310-1410,cloudy
2017-09-27,1410-1630,rain
2017-09-27,1630-1750,cloudy
2017-09-27,1750-1930,rain
2017-09-27,1930-2359,cloudy
2017-09-28,0000-0130,cloudy
2017-09-28,0130-0140,clear
2017-09-28,0140-0149,cloudy
2017-09-28,0149-0153,clear
2017-09-28,0153-0230,cloudy
2017-09-28,0230-0233,clear
2017-09-28,0233-1310,cloudy
2017-09-28,1310-1312,clear
2017-09-28,1312-1315,cloudy
2017-09-28,1315-1320,clear
2017-09-28,1320-1322,cloudy
2017-09-28,1322-1325,clear
2017-09-28,1325-1339,cloudy
2017-09-28,1339-1340,clear
2017-09-28,1340-1352,cloudy
2017-09-28,1352-1357,clear
2017-09-28,1357-1358,cloudy
2017-09-28,1358-1400,clear
2017-09-28,1400-1403,cloudy
2017-09-28,1403-1409,clear
2017-09-28,1409-1411,cloudy
2017-09-28,1411-1413,clear
2017-09-28,1413-1500,cloudy
2017-09-28,2300-2346,cloudy
2017-09-28,2346-2349,clear
2017-09-28,2349-2354,cloudy
2017-09-28,2354-2359,clear
2017-09-29,0000-0304,clear
2017-09-29,0304-0318,cloudy
2017-09-29,0318-0351,clear
2017-09-29,0351-0608,cloudy
2017-09-29,0608-0612,clear
2017-09-29,0612-0613,cloudy
2017-09-29,0613-0628,clear
2017-09-29,0628-0736,cloudy
2017-09-29,0736-0750,clear
2017-09-29,0750-0756,cloudy
2017-09-29,0756-0820,clear
2017-09-29,0820-1135,cloudy
2017-09-29,1135-1142,clear
2017-09-29,1142-1446,cloudy
2017-09-29,1446-1450,clear
2017-09-29,1450-1452,cloudy
2017-09-29,1452-1500,clear
2017-09-29,2300-2359,clear
2017-09-30,0000-0012,clear
2017-09-30,0012-0020,cloudy
2017-09-30,0020-0040,clear
2017-09-30,0040-0046,cloudy
2017-09-30,0046-0100,clear
2017-09-30,0100-0106,cloudy
2017-09-30,0106-0108,clear
2017-09-30,0108-0109,cloudy
2017-09-30,0109-0110,clear
2017-09-30,0110-0111,cloudy
2017-09-30,0111-0112,clear
2017-09-30,0112-0115,cloudy
2017-09-30,0115-0315,clear
2017-09-30,0315-0343,cloudy
2017-09-30,0343-0347,clear
2017-09-30,0347-0443,cloudy
2017-09-30,0443-0713,clear
2017-09-30,0713-0724,cloudy
2017-09-30,0724-0741,clear
2017-09-30,0741-0744,cloudy
2017-09-30,0744-0929,clear
2017-09-30,0929-0931,cloudy
2017-09-30,0931-0938,clear
2017-09-30,0938-1031,cloudy
2017-09-30,1031-1032,clear
2017-09-30,1032-1038,cloudy
2017-09-30,1038-1042,clear
2017-09-30,1042-1137,cloudy
2017-09-30,1137-1139,clear
2017-09-30,1139-1140,cloudy
2017-09-30,1140-1153,clear
2017-09-30,1153-1156,cloudy
2017-09-30,1156-1209,clear
2017-09-30,1209-1210,cloudy
2017-09-30,1210-1213,clear
2017-09-30,1213-1220,cloudy
2017-09-30,1220-1222,clear
2017-09-30,1222-1240,cloudy
2017-09-30,1240-1250,clear
2017-09-30,1250-1310,cloudy
2017-09-30,1310-1313,clear
2017-09-30,1313-1317,cloudy
2017-09-30,1317-1319,clear
2017-09-30,1319-1320,cloudy
2017-09-30,1320-1323,clear
2017-09-30,1323-1438,cloudy
2017-09-30,1438-1440,clear
2017-09-30,1440-1500,cloudy
2017-09-30,2300-2318,clear
2017-09-30,2318-2329,cloudy
2017-09-30,2329-2330,clear
2017-09-30,2330-2332,cloudy
2017-09-30,2332-2334,clear
2017-09-30,2334-2340,cloudy
2017-09-30,2340-2342,clear
2017-09-30,2342-2358,cloudy
2017-09-30,2358-2359,clear
